"data__bikes__type","data__bikes__bike_id","data__bikes__lat","data__bikes__rental_uris__android","data__bikes__rental_uris__ios","data__bikes__is_disabled","data__bikes__is_reserved","data__bikes__lon","data__bikes__name","last_updated","ttl"
"electric_bike","2aca07458f9283c67877dacd6088501a","38.91942516666667","https://dc.lft.to/lastmile_qr_scan","https://dc.lft.to/lastmile_qr_scan","0","0","-77.04174666666667","2aca07458f9283c67877dacd6088501a","1599426745","5"
"electric_bike","c34779018b95a257521c34ea13f69a0f","39.040619","https://dc.lft.to/lastmile_qr_scan","https://dc.lft.to/lastmile_qr_scan","0","0","-77.050326","c34779018b95a257521c34ea13f69a0f","",""
"electric_bike","3ae93b6b7b996d51e3c566c0a4279f0f","38.9140525","https://dc.lft.to/lastmile_qr_scan","https://dc.lft.to/lastmile_qr_scan","0","0","-76.97458716666667","3ae93b6b7b996d51e3c566c0a4279f0f","",""
"electric_bike","b030e5dd3c17a093e01b0c64ca258d6a","39.083747","https://dc.lft.to/lastmile_qr_scan","https://dc.lft.to/lastmile_qr_scan","0","0","-77.15120366666666","b030e5dd3c17a093e01b0c64ca258d6a","",""
"electric_bike","2531a4484ecd840fdbcbe3fc6685ef11","38.95633616666667","https://dc.lft.to/lastmile_qr_scan","https://dc.lft.to/lastmile_qr_scan","0","0","-76.97903783333334","2531a4484ecd840fdbcbe3fc6685ef11","",""
"electric_bike","5559bc2e0e285f683d4291dc8db5d707","38.840788833333335","https://dc.lft.to/lastmile_qr_scan","https://dc.lft.to/lastmile_qr_scan","0","0","-77.10962783333333","5559bc2e0e285f683d4291dc8db5d707","",""
"electric_bike","1cc1ca88fde3f7f148c7fa234c0daf35","38.950753166666665","https://dc.lft.to/lastmile_qr_scan","https://dc.lft.to/lastmile_qr_scan","0","0","-77.07415366666666","1cc1ca88fde3f7f148c7fa234c0daf35","",""
"electric_bike","7967a6dee92828916d214db644f4269f","38.94963683333334","https://dc.lft.to/lastmile_qr_scan","https://dc.lft.to/lastmile_qr_scan","0","0","-77.06681683333333","7967a6dee92828916d214db644f4269f","",""
"electric_bike","e21f7a81487783062195db50b25454eb","38.87662483333333","https://dc.lft.to/lastmile_qr_scan","https://dc.lft.to/lastmile_qr_scan","0","0","-77.122439","e21f7a81487783062195db50b25454eb","",""
"electric_bike","4f5d49e629c072f0f7b3e5a39b74b03b","38.850585833333334","https://dc.lft.to/lastmile_qr_scan","https://dc.lft.to/lastmile_qr_scan","0","0","-76.96906133333333","4f5d49e629c072f0f7b3e5a39b74b03b","",""
"electric_bike","37488690e8526b44ae0359697626757c","38.90050733333333","https://dc.lft.to/lastmile_qr_scan","https://dc.lft.to/lastmile_qr_scan","0","0","-77.03425183333333","37488690e8526b44ae0359697626757c","",""
"electric_bike","2c8d26421ba6684e6c2c8e29ed25c04a","39.00241","https://dc.lft.to/lastmile_qr_scan","https://dc.lft.to/lastmile_qr_scan","0","0","-76.995535","2c8d26421ba6684e6c2c8e29ed25c04a","",""
"electric_bike","5650683207afb9b63dc161e1358bf35c","38.92562816666667","https://dc.lft.to/lastmile_qr_scan","https://dc.lft.to/lastmile_qr_scan","0","0","-77.036364","5650683207afb9b63dc161e1358bf35c","",""
"electric_bike","85cbe563801172b80b6e0e112ef0bb5a","38.8603845","https://dc.lft.to/lastmile_qr_scan","https://dc.lft.to/lastmile_qr_scan","0","0","-77.0560015","85cbe563801172b80b6e0e112ef0bb5a","",""
"electric_bike","af855597a1edc7c05be3d42a70658511","38.904631","https://dc.lft.to/lastmile_qr_scan","https://dc.lft.to/lastmile_qr_scan","0","0","-77.04338983333334","af855597a1edc7c05be3d42a70658511","",""
"electric_bike","f92ed7f5750cdec746db8af788c3ed68","38.960108","https://dc.lft.to/lastmile_qr_scan","https://dc.lft.to/lastmile_qr_scan","0","0","-77.08377683333333","f92ed7f5750cdec746db8af788c3ed68","",""
"electric_bike","69caba30d5fb4f7da8cd3ccc2402364e","38.934952833333334","https://dc.lft.to/lastmile_qr_scan","https://dc.lft.to/lastmile_qr_scan","0","0","-76.9914475","69caba30d5fb4f7da8cd3ccc2402364e","",""
"electric_bike","d21cdfe9311ac0b986a27c7dbc33a002","38.984973833333335","https://dc.lft.to/lastmile_qr_scan","https://dc.lft.to/lastmile_qr_scan","0","0","-76.98181916666667","d21cdfe9311ac0b986a27c7dbc33a002","",""
"electric_bike","6c8a2f893de0ffff410c3241984d6c33","38.880616333333336","https://dc.lft.to/lastmile_qr_scan","https://dc.lft.to/lastmile_qr_scan","0","0","-77.00547616666667","6c8a2f893de0ffff410c3241984d6c33","",""
"electric_bike","14dac4bb6944100bad2469cae93e6ac3","38.897699","https://dc.lft.to/lastmile_qr_scan","https://dc.lft.to/lastmile_qr_scan","0","0","-76.89918983333334","14dac4bb6944100bad2469cae93e6ac3","",""
"electric_bike","57442924ce3aa866ad64abefd01451ca","38.92072866666667","https://dc.lft.to/lastmile_qr_scan","https://dc.lft.to/lastmile_qr_scan","0","0","-77.00276216666667","57442924ce3aa866ad64abefd01451ca","",""
"electric_bike","880b0f73cb9bd421d53b1d69a79efa3c","38.98091633333333","https://dc.lft.to/lastmile_qr_scan","https://dc.lft.to/lastmile_qr_scan","0","0","-77.03350283333333","880b0f73cb9bd421d53b1d69a79efa3c","",""
"electric_bike","9f4d516b5ea4afdc1566151857b46264","38.880177833333335","https://dc.lft.to/lastmile_qr_scan","https://dc.lft.to/lastmile_qr_scan","0","0","-77.11393766666667","9f4d516b5ea4afdc1566151857b46264","",""
"electric_bike","5dc1bf697003941983c9b15ac377ffd1","38.91026733333333","https://dc.lft.to/lastmile_qr_scan","https://dc.lft.to/lastmile_qr_scan","0","0","-76.93375666666667","5dc1bf697003941983c9b15ac377ffd1","",""
"electric_bike","865ed836184666da50606e0670427b4e","38.85203716666667","https://dc.lft.to/lastmile_qr_scan","https://dc.lft.to/lastmile_qr_scan","0","0","-76.9855025","865ed836184666da50606e0670427b4e","",""
"electric_bike","5b82768ab67cc8b306dbd829b52f6237","38.828025333333336","https://dc.lft.to/lastmile_qr_scan","https://dc.lft.to/lastmile_qr_scan","0","0","-77.00665616666667","5b82768ab67cc8b306dbd829b52f6237","",""
"electric_bike","8a9e6239679ebd4a85c2279b00d2ee77","38.906991","https://dc.lft.to/lastmile_qr_scan","https://dc.lft.to/lastmile_qr_scan","0","0","-77.04894083333333","8a9e6239679ebd4a85c2279b00d2ee77","",""
"electric_bike","215b5deb34a6d1b08f7deb8df6b893fa","38.90490616666666","https://dc.lft.to/lastmile_qr_scan","https://dc.lft.to/lastmile_qr_scan","0","0","-77.06011583333333","215b5deb34a6d1b08f7deb8df6b893fa","",""
"electric_bike","7c8102b61233e7d569cf8dd1bc65f06e","38.843542666666664","https://dc.lft.to/lastmile_qr_scan","https://dc.lft.to/lastmile_qr_scan","0","0","-77.08814433333333","7c8102b61233e7d569cf8dd1bc65f06e","",""
"electric_bike","6d114b3e8f83e3086159c2410c0d01e4","38.90439383333333","https://dc.lft.to/lastmile_qr_scan","https://dc.lft.to/lastmile_qr_scan","0","0","-76.9815345","6d114b3e8f83e3086159c2410c0d01e4","",""
"electric_bike","c12fa53d6bf4419d0df497a42fa749b4","38.92510983333333","https://dc.lft.to/lastmile_qr_scan","https://dc.lft.to/lastmile_qr_scan","0","0","-76.98368166666667","c12fa53d6bf4419d0df497a42fa749b4","",""
"electric_bike","cc7eef03c86e020323b3e9e750e76314","39.0308165","https://dc.lft.to/lastmile_qr_scan","https://dc.lft.to/lastmile_qr_scan","0","0","-77.10490133333333","cc7eef03c86e020323b3e9e750e76314","",""
"electric_bike","873a48902ff35aa88268a3e2773c6698","38.897572333333336","https://dc.lft.to/lastmile_qr_scan","https://dc.lft.to/lastmile_qr_scan","0","0","-76.89287933333334","873a48902ff35aa88268a3e2773c6698","",""
"electric_bike","d5f5811d02673ebaa8dc7b0b89985f79","38.956541","https://dc.lft.to/lastmile_qr_scan","https://dc.lft.to/lastmile_qr_scan","0","0","-76.980236","d5f5811d02673ebaa8dc7b0b89985f79","",""
"electric_bike","a5a1b9fd15030da18ca410b01d7e0de8","38.89490466666667","https://dc.lft.to/lastmile_qr_scan","https://dc.lft.to/lastmile_qr_scan","0","0","-77.02777983333333","a5a1b9fd15030da18ca410b01d7e0de8","",""
"electric_bike","4d96067f9f549ff543a6166568ac6544","38.8420705","https://dc.lft.to/lastmile_qr_scan","https://dc.lft.to/lastmile_qr_scan","0","0","-77.07071983333333","4d96067f9f549ff543a6166568ac6544","",""
"electric_bike","d5085822a79aa561aa775c4c4bb4db92","38.89760866666667","https://dc.lft.to/lastmile_qr_scan","https://dc.lft.to/lastmile_qr_scan","0","0","-77.0708785","d5085822a79aa561aa775c4c4bb4db92","",""
"electric_bike","f1515679df5d49928caab2f6dccfb29e","38.90343416666666","https://dc.lft.to/lastmile_qr_scan","https://dc.lft.to/lastmile_qr_scan","0","0","-77.05050233333333","f1515679df5d49928caab2f6dccfb29e","",""
"electric_bike","fb1fee70a1ca84cc7da420df29f8ddfe","38.9308755","https://dc.lft.to/lastmile_qr_scan","https://dc.lft.to/lastmile_qr_scan","0","0","-76.96201216666667","fb1fee70a1ca84cc7da420df29f8ddfe","",""
"electric_bike","0eb314d9df1adc8c6ed5ebf629d183c0","38.8100745","https://dc.lft.to/lastmile_qr_scan","https://dc.lft.to/lastmile_qr_scan","0","0","-77.075205","0eb314d9df1adc8c6ed5ebf629d183c0","",""
"electric_bike","52337fa1c3d6c64f820987c9e3058dc5","38.969332333333334","https://dc.lft.to/lastmile_qr_scan","https://dc.lft.to/lastmile_qr_scan","0","0","-77.02710383333333","52337fa1c3d6c64f820987c9e3058dc5","",""
"electric_bike","d1380f3892884d080133cbb11e3a3614","39.04062966666667","https://dc.lft.to/lastmile_qr_scan","https://dc.lft.to/lastmile_qr_scan","0","0","-77.0503085","d1380f3892884d080133cbb11e3a3614","",""
"electric_bike","2dab74081825d6140dd898ffcc6e8758","38.92422033333333","https://dc.lft.to/lastmile_qr_scan","https://dc.lft.to/lastmile_qr_scan","0","0","-77.02629683333333","2dab74081825d6140dd898ffcc6e8758","",""
"electric_bike","0f04bcee5e836285850a38611fb97a9c","38.853704","https://dc.lft.to/lastmile_qr_scan","https://dc.lft.to/lastmile_qr_scan","0","0","-77.09634783333334","0f04bcee5e836285850a38611fb97a9c","",""
"electric_bike","2ad4dcf338d8dec53b63648e5c7dfa36","38.92671133333333","https://dc.lft.to/lastmile_qr_scan","https://dc.lft.to/lastmile_qr_scan","0","0","-77.10312533333334","2ad4dcf338d8dec53b63648e5c7dfa36","",""
"electric_bike","1602e86e1a18277aff4611a5f11103e1","38.898345666666664","https://dc.lft.to/lastmile_qr_scan","https://dc.lft.to/lastmile_qr_scan","0","0","-77.00071866666667","1602e86e1a18277aff4611a5f11103e1","",""
"electric_bike","a94d739e125c1bd2f21065191ef7e671","38.96782233333333","https://dc.lft.to/lastmile_qr_scan","https://dc.lft.to/lastmile_qr_scan","0","0","-77.0122975","a94d739e125c1bd2f21065191ef7e671","",""
"electric_bike","60edd3427009fd592809014e52637464","38.956506833333336","https://dc.lft.to/lastmile_qr_scan","https://dc.lft.to/lastmile_qr_scan","0","0","-77.013142","60edd3427009fd592809014e52637464","",""
"electric_bike","8b1828f9dc3d7e45c8679906d46aae80","38.9473665","https://dc.lft.to/lastmile_qr_scan","https://dc.lft.to/lastmile_qr_scan","0","0","-77.00811566666667","8b1828f9dc3d7e45c8679906d46aae80","",""
"electric_bike","fee44b2f6259f419dc0dae978af61ab3","38.887462","https://dc.lft.to/lastmile_qr_scan","https://dc.lft.to/lastmile_qr_scan","0","0","-77.07499183333333","fee44b2f6259f419dc0dae978af61ab3","",""
"electric_bike","f6dd5672a7f5d42cca827c064cdc577f","38.990110666666666","https://dc.lft.to/lastmile_qr_scan","https://dc.lft.to/lastmile_qr_scan","0","0","-76.9899875","f6dd5672a7f5d42cca827c064cdc577f","",""
"electric_bike","d32d68a928dee38a1782ef860fa3014d","38.94407566666667","https://dc.lft.to/lastmile_qr_scan","https://dc.lft.to/lastmile_qr_scan","0","0","-76.95281966666667","d32d68a928dee38a1782ef860fa3014d","",""
"electric_bike","5cc1d47f0c7197790d43fe313c0236d0","38.916315","https://dc.lft.to/lastmile_qr_scan","https://dc.lft.to/lastmile_qr_scan","0","0","-76.971697","5cc1d47f0c7197790d43fe313c0236d0","",""
"electric_bike","c0d0eab28ba67b4eba287c49c5a28a3a","38.86551883333333","https://dc.lft.to/lastmile_qr_scan","https://dc.lft.to/lastmile_qr_scan","0","0","-77.05000666666666","c0d0eab28ba67b4eba287c49c5a28a3a","",""
"electric_bike","734c76dda896b8f12d5b7200b0cb1794","39.103752166666666","https://dc.lft.to/lastmile_qr_scan","https://dc.lft.to/lastmile_qr_scan","0","0","-77.15599566666667","734c76dda896b8f12d5b7200b0cb1794","",""
"electric_bike","82ea3c3253925d4100297efb6fe75f83","38.98892016666667","https://dc.lft.to/lastmile_qr_scan","https://dc.lft.to/lastmile_qr_scan","0","0","-76.9771795","82ea3c3253925d4100297efb6fe75f83","",""
"electric_bike","1c5a1f383048a3357f5db9c98ef624e3","38.887464666666666","https://dc.lft.to/lastmile_qr_scan","https://dc.lft.to/lastmile_qr_scan","0","0","-77.106195","1c5a1f383048a3357f5db9c98ef624e3","",""
"electric_bike","9864deb10de7d86e7a940146e5706e80","38.9095915","https://dc.lft.to/lastmile_qr_scan","https://dc.lft.to/lastmile_qr_scan","0","0","-77.046136","9864deb10de7d86e7a940146e5706e80","",""
"electric_bike","17ba7ea0f562a7c6c00b88590b4ab115","39.037682333333336","https://dc.lft.to/lastmile_qr_scan","https://dc.lft.to/lastmile_qr_scan","0","0","-77.05385216666667","17ba7ea0f562a7c6c00b88590b4ab115","",""
"electric_bike","2e3622fd23e9bd33fec3eec5c3cca443","39.04318933333333","https://dc.lft.to/lastmile_qr_scan","https://dc.lft.to/lastmile_qr_scan","0","0","-77.1135115","2e3622fd23e9bd33fec3eec5c3cca443","",""
"electric_bike","be5bf088182a93e688526fc4c71995a8","38.89722666666667","https://dc.lft.to/lastmile_qr_scan","https://dc.lft.to/lastmile_qr_scan","0","0","-76.88609","be5bf088182a93e688526fc4c71995a8","",""
"electric_bike","497f3680e6230073e411f3d7f13ad393","38.8699555","https://dc.lft.to/lastmile_qr_scan","https://dc.lft.to/lastmile_qr_scan","0","0","-77.13033883333334","497f3680e6230073e411f3d7f13ad393","",""
"electric_bike","ab3c91b9e4bf60b90d6285e2650107a1","38.97016566666667","https://dc.lft.to/lastmile_qr_scan","https://dc.lft.to/lastmile_qr_scan","0","0","-77.03088783333334","ab3c91b9e4bf60b90d6285e2650107a1","",""
"electric_bike","f6467a899e6e47c56f388caebc914a02","38.90926366666667","https://dc.lft.to/lastmile_qr_scan","https://dc.lft.to/lastmile_qr_scan","0","0","-76.98555283333333","f6467a899e6e47c56f388caebc914a02","",""
"electric_bike","231b828d1fc36329d9f3f4e819a3aeac","38.962683166666665","https://dc.lft.to/lastmile_qr_scan","https://dc.lft.to/lastmile_qr_scan","0","0","-77.02818783333333","231b828d1fc36329d9f3f4e819a3aeac","",""
"electric_bike","e71d6e8db9fd0b0e9d238faecce9cc9b","38.91923833333333","https://dc.lft.to/lastmile_qr_scan","https://dc.lft.to/lastmile_qr_scan","0","0","-77.06451683333333","e71d6e8db9fd0b0e9d238faecce9cc9b","",""
"electric_bike","a44e2c4b9f870a552398db09b9536141","39.11389333333333","https://dc.lft.to/lastmile_qr_scan","https://dc.lft.to/lastmile_qr_scan","0","0","-77.204923","a44e2c4b9f870a552398db09b9536141","",""
"electric_bike","8369e42820c274a25d367e8fa7819134","38.8421455","https://dc.lft.to/lastmile_qr_scan","https://dc.lft.to/lastmile_qr_scan","0","0","-77.07090033333333","8369e42820c274a25d367e8fa7819134","",""
"electric_bike","a8b92d90b0fe040a3c4a2b374375df32","38.95650216666667","https://dc.lft.to/lastmile_qr_scan","https://dc.lft.to/lastmile_qr_scan","0","0","-77.0122535","a8b92d90b0fe040a3c4a2b374375df32","",""
"electric_bike","5845a3161e753efbcf27bb7d3903bde6","38.90212483333333","https://dc.lft.to/lastmile_qr_scan","https://dc.lft.to/lastmile_qr_scan","0","0","-76.97632183333333","5845a3161e753efbcf27bb7d3903bde6","",""
"electric_bike","009616bd55ffd745cd558683ecd33e42","38.91664333333333","https://dc.lft.to/lastmile_qr_scan","https://dc.lft.to/lastmile_qr_scan","0","0","-77.02166333333334","009616bd55ffd745cd558683ecd33e42","",""
"electric_bike","6398252735b834518c3bb20210c3d31d","38.966151333333336","https://dc.lft.to/lastmile_qr_scan","https://dc.lft.to/lastmile_qr_scan","0","0","-77.025227","6398252735b834518c3bb20210c3d31d","",""
"electric_bike","24e4ee1610dcbbc42b7cba284a622205","38.91915066666667","https://dc.lft.to/lastmile_qr_scan","https://dc.lft.to/lastmile_qr_scan","0","0","-76.97477016666667","24e4ee1610dcbbc42b7cba284a622205","",""
"electric_bike","82d08a3e9b194af4cca2cf7b1470e251","38.982711","https://dc.lft.to/lastmile_qr_scan","https://dc.lft.to/lastmile_qr_scan","0","0","-77.09724183333333","82d08a3e9b194af4cca2cf7b1470e251","",""
"electric_bike","68c5bf635c7d40a60cafd605823cbf0a","38.87120633333333","https://dc.lft.to/lastmile_qr_scan","https://dc.lft.to/lastmile_qr_scan","0","0","-76.97841633333333","68c5bf635c7d40a60cafd605823cbf0a","",""
"electric_bike","91dd8e29ad8fd17c9c01edb8b0e278d3","38.9191765","https://dc.lft.to/lastmile_qr_scan","https://dc.lft.to/lastmile_qr_scan","0","0","-76.97477233333333","91dd8e29ad8fd17c9c01edb8b0e278d3","",""
"electric_bike","ac0aba12d089dd4c5ea3b8a65d69b770","38.9125175","https://dc.lft.to/lastmile_qr_scan","https://dc.lft.to/lastmile_qr_scan","0","0","-76.9396065","ac0aba12d089dd4c5ea3b8a65d69b770","",""
"electric_bike","22e81243fc176d6667bc77eb321ad1fa","38.886067","https://dc.lft.to/lastmile_qr_scan","https://dc.lft.to/lastmile_qr_scan","0","0","-77.094322","22e81243fc176d6667bc77eb321ad1fa","",""
"electric_bike","71115ea0f1f262cff177fc4551b95a54","38.92665733333333","https://dc.lft.to/lastmile_qr_scan","https://dc.lft.to/lastmile_qr_scan","0","0","-77.0534035","71115ea0f1f262cff177fc4551b95a54","",""
"electric_bike","b97f81bc9bac0e1a80bac93614f8467a","38.871552333333334","https://dc.lft.to/lastmile_qr_scan","https://dc.lft.to/lastmile_qr_scan","0","0","-77.00699966666667","b97f81bc9bac0e1a80bac93614f8467a","",""
"electric_bike","4763827ff0a5304726d9155d42f6a9d5","38.93226466666667","https://dc.lft.to/lastmile_qr_scan","https://dc.lft.to/lastmile_qr_scan","0","0","-76.999956","4763827ff0a5304726d9155d42f6a9d5","",""
"electric_bike","8f72cabb4d26b7333afd46c8a5bbca2b","38.97553883333333","https://dc.lft.to/lastmile_qr_scan","https://dc.lft.to/lastmile_qr_scan","0","0","-76.9522535","8f72cabb4d26b7333afd46c8a5bbca2b","",""
"electric_bike","3972cd143a3f0f3f9780eb003a37e16f","39.05720566666667","https://dc.lft.to/lastmile_qr_scan","https://dc.lft.to/lastmile_qr_scan","0","0","-77.116683","3972cd143a3f0f3f9780eb003a37e16f","",""
"electric_bike","1b2eb730f94b9b6e3b4a88935129de8e","38.9614675","https://dc.lft.to/lastmile_qr_scan","https://dc.lft.to/lastmile_qr_scan","0","0","-77.07341833333334","1b2eb730f94b9b6e3b4a88935129de8e","",""
"electric_bike","0eb1f52195cd01674031c912c8811c69","38.860651833333336","https://dc.lft.to/lastmile_qr_scan","https://dc.lft.to/lastmile_qr_scan","0","0","-77.00374983333333","0eb1f52195cd01674031c912c8811c69","",""
"electric_bike","e66da1a4e231037e64f2fcc6e60a159e","38.99495183333333","https://dc.lft.to/lastmile_qr_scan","https://dc.lft.to/lastmile_qr_scan","0","0","-77.00133416666667","e66da1a4e231037e64f2fcc6e60a159e","",""
"electric_bike","863b1977b0212ce6ec45c81f8a213f63","38.99255983333333","https://dc.lft.to/lastmile_qr_scan","https://dc.lft.to/lastmile_qr_scan","0","0","-77.03475283333333","863b1977b0212ce6ec45c81f8a213f63","",""
"electric_bike","17d2d66d4b3cf07500557c013f9a6d11","38.99714316666667","https://dc.lft.to/lastmile_qr_scan","https://dc.lft.to/lastmile_qr_scan","0","0","-77.06017816666666","17d2d66d4b3cf07500557c013f9a6d11","",""
"electric_bike","e9e86aa0732e80e693f4dc12baeaae31","38.876388","https://dc.lft.to/lastmile_qr_scan","https://dc.lft.to/lastmile_qr_scan","0","0","-76.93075083333333","e9e86aa0732e80e693f4dc12baeaae31","",""
"electric_bike","3d90aebabcbf4444182605615d5c286d","38.914850666666666","https://dc.lft.to/lastmile_qr_scan","https://dc.lft.to/lastmile_qr_scan","0","0","-76.84542916666666","3d90aebabcbf4444182605615d5c286d","",""
"electric_bike","5b3c9971b662b121c4d4d3a0348518a5","38.92305666666667","https://dc.lft.to/lastmile_qr_scan","https://dc.lft.to/lastmile_qr_scan","0","0","-76.98527066666666","5b3c9971b662b121c4d4d3a0348518a5","",""
"electric_bike","d046ce0478a41613536985f39b1dfb0b","38.90845783333333","https://dc.lft.to/lastmile_qr_scan","https://dc.lft.to/lastmile_qr_scan","0","0","-76.99799466666667","d046ce0478a41613536985f39b1dfb0b","",""
"electric_bike","bfb4cfdaa80384b2f1c8a59fe47c0011","38.90785916666667","https://dc.lft.to/lastmile_qr_scan","https://dc.lft.to/lastmile_qr_scan","0","0","-77.05708183333333","bfb4cfdaa80384b2f1c8a59fe47c0011","",""
"electric_bike","b77ee70c92843214fd878434e61b37e5","38.86818566666667","https://dc.lft.to/lastmile_qr_scan","https://dc.lft.to/lastmile_qr_scan","0","0","-77.13830583333333","b77ee70c92843214fd878434e61b37e5","",""
"electric_bike","90971964871a38948154edf044107442","38.86848883333333","https://dc.lft.to/lastmile_qr_scan","https://dc.lft.to/lastmile_qr_scan","0","0","-76.98925216666666","90971964871a38948154edf044107442","",""
"electric_bike","80d60f64c3d3281d6a5d8d3f623cf652","38.96775783333333","https://dc.lft.to/lastmile_qr_scan","https://dc.lft.to/lastmile_qr_scan","0","0","-77.01223516666667","80d60f64c3d3281d6a5d8d3f623cf652","",""
"electric_bike","3107e03b75ade11abe6736b4fc8e6c90","38.9084545","https://dc.lft.to/lastmile_qr_scan","https://dc.lft.to/lastmile_qr_scan","0","0","-77.0635475","3107e03b75ade11abe6736b4fc8e6c90","",""
"electric_bike","2fc7be0cf6f4da376fafde5a86c20a72","38.910328","https://dc.lft.to/lastmile_qr_scan","https://dc.lft.to/lastmile_qr_scan","0","0","-77.139499","2fc7be0cf6f4da376fafde5a86c20a72","",""
"electric_bike","3da8f70e5ecf79bb08905d9099b3c348","38.95481633333333","https://dc.lft.to/lastmile_qr_scan","https://dc.lft.to/lastmile_qr_scan","0","0","-76.99019016666666","3da8f70e5ecf79bb08905d9099b3c348","",""
"electric_bike","4b9f27f0f449af9632a8fb404368ca56","38.96576733333333","https://dc.lft.to/lastmile_qr_scan","https://dc.lft.to/lastmile_qr_scan","0","0","-77.0762615","4b9f27f0f449af9632a8fb404368ca56","",""
"electric_bike","a4e326ecd53538465a8ada261b716a9b","38.97654683333333","https://dc.lft.to/lastmile_qr_scan","https://dc.lft.to/lastmile_qr_scan","0","0","-76.96260766666667","a4e326ecd53538465a8ada261b716a9b","",""
"electric_bike","9dd638b8e51d702f4273ee53035fa640","38.860207","https://dc.lft.to/lastmile_qr_scan","https://dc.lft.to/lastmile_qr_scan","0","0","-76.9926475","9dd638b8e51d702f4273ee53035fa640","",""
"electric_bike","663c88635ba2c2a962d95c3c5b78465b","38.94741366666667","https://dc.lft.to/lastmile_qr_scan","https://dc.lft.to/lastmile_qr_scan","0","0","-77.06982166666667","663c88635ba2c2a962d95c3c5b78465b","",""
"electric_bike","0b8d2037fd39aed85b18136bdb6c15fa","38.908067833333334","https://dc.lft.to/lastmile_qr_scan","https://dc.lft.to/lastmile_qr_scan","0","0","-76.98737733333333","0b8d2037fd39aed85b18136bdb6c15fa","",""
"electric_bike","df6f3e6dba5d92685b8341e155a10e9a","38.92022816666667","https://dc.lft.to/lastmile_qr_scan","https://dc.lft.to/lastmile_qr_scan","0","0","-77.03176316666666","df6f3e6dba5d92685b8341e155a10e9a","",""
"electric_bike","576f04b72439bb1b5de612ddca309700","38.856845666666665","https://dc.lft.to/lastmile_qr_scan","https://dc.lft.to/lastmile_qr_scan","0","0","-77.09012983333334","576f04b72439bb1b5de612ddca309700","",""
"electric_bike","2c9a8cb6f24e6bb3453181317bfb2812","38.92963683333333","https://dc.lft.to/lastmile_qr_scan","https://dc.lft.to/lastmile_qr_scan","0","0","-77.03981716666667","2c9a8cb6f24e6bb3453181317bfb2812","",""
"electric_bike","0fda88d02aa574654f5b049f36c4895e","38.89548666666666","https://dc.lft.to/lastmile_qr_scan","https://dc.lft.to/lastmile_qr_scan","0","0","-77.0665035","0fda88d02aa574654f5b049f36c4895e","",""
"electric_bike","d7284a257c286bc389456f86756a08a8","38.889382","https://dc.lft.to/lastmile_qr_scan","https://dc.lft.to/lastmile_qr_scan","0","0","-77.077309","d7284a257c286bc389456f86756a08a8","",""
"electric_bike","3f10e91dc577d4e125ee7aa8ebe5d401","38.98996566666667","https://dc.lft.to/lastmile_qr_scan","https://dc.lft.to/lastmile_qr_scan","0","0","-77.09875716666667","3f10e91dc577d4e125ee7aa8ebe5d401","",""
"electric_bike","29d34db89eded51c38e2c581e30bcd41","38.9303705","https://dc.lft.to/lastmile_qr_scan","https://dc.lft.to/lastmile_qr_scan","0","0","-77.08316416666666","29d34db89eded51c38e2c581e30bcd41","",""
"electric_bike","d8383eebdd7113b5c3bf757c1f040e55","38.939733833333335","https://dc.lft.to/lastmile_qr_scan","https://dc.lft.to/lastmile_qr_scan","0","0","-77.12161566666667","d8383eebdd7113b5c3bf757c1f040e55","",""
"electric_bike","d8557dbbc94d4aaeb4f19fa5ce81f2e5","38.896495","https://dc.lft.to/lastmile_qr_scan","https://dc.lft.to/lastmile_qr_scan","0","0","-77.071877","d8557dbbc94d4aaeb4f19fa5ce81f2e5","",""
"electric_bike","3eb98dd8fcbe676561ee6a92c3cceccf","38.8425845","https://dc.lft.to/lastmile_qr_scan","https://dc.lft.to/lastmile_qr_scan","0","0","-77.05028716666666","3eb98dd8fcbe676561ee6a92c3cceccf","",""
"electric_bike","74ef3dec2a51659dcde6ede099ffac5f","38.918045666666664","https://dc.lft.to/lastmile_qr_scan","https://dc.lft.to/lastmile_qr_scan","0","0","-77.01225683333334","74ef3dec2a51659dcde6ede099ffac5f","",""
"electric_bike","304f3569969468f064e97870f1496875","38.962031833333334","https://dc.lft.to/lastmile_qr_scan","https://dc.lft.to/lastmile_qr_scan","0","0","-77.07253116666666","304f3569969468f064e97870f1496875","",""
"electric_bike","81c99aa1483cc82322fcc8dbdabebec1","38.91636116666667","https://dc.lft.to/lastmile_qr_scan","https://dc.lft.to/lastmile_qr_scan","0","0","-77.09243033333334","81c99aa1483cc82322fcc8dbdabebec1","",""
"electric_bike","8cca0ec0971e0d502f077fc26a7111d4","38.86531316666667","https://dc.lft.to/lastmile_qr_scan","https://dc.lft.to/lastmile_qr_scan","0","0","-77.12842616666667","8cca0ec0971e0d502f077fc26a7111d4","",""
"electric_bike","4894695f5c1bc192632873ac41887e7f","38.946077","https://dc.lft.to/lastmile_qr_scan","https://dc.lft.to/lastmile_qr_scan","0","0","-76.9464565","4894695f5c1bc192632873ac41887e7f","",""
"electric_bike","db1c7b891102a58f00c8983473f84a24","38.88827233333333","https://dc.lft.to/lastmile_qr_scan","https://dc.lft.to/lastmile_qr_scan","0","0","-77.179642","db1c7b891102a58f00c8983473f84a24","",""
"electric_bike","c1c079351000c9cf1f21f26d9580fbe1","38.95374533333333","https://dc.lft.to/lastmile_qr_scan","https://dc.lft.to/lastmile_qr_scan","0","0","-76.99913116666667","c1c079351000c9cf1f21f26d9580fbe1","",""
"electric_bike","469bd20f1126c7ac5b543e398a69d3d2","38.97274916666667","https://dc.lft.to/lastmile_qr_scan","https://dc.lft.to/lastmile_qr_scan","0","0","-77.05553266666666","469bd20f1126c7ac5b543e398a69d3d2","",""
"electric_bike","14450ea7d20b740e064f426802d437b7","38.94604966666667","https://dc.lft.to/lastmile_qr_scan","https://dc.lft.to/lastmile_qr_scan","0","0","-76.9464635","14450ea7d20b740e064f426802d437b7","",""
"electric_bike","3bd17539dab25a3927d3322622a74078","38.853795166666664","https://dc.lft.to/lastmile_qr_scan","https://dc.lft.to/lastmile_qr_scan","0","0","-77.04580716666666","3bd17539dab25a3927d3322622a74078","",""
"electric_bike","8e15c275f887ed27a9324229df8c41da","38.950559","https://dc.lft.to/lastmile_qr_scan","https://dc.lft.to/lastmile_qr_scan","0","0","-76.9618475","8e15c275f887ed27a9324229df8c41da","",""
"electric_bike","a8cad134c945c455a82aab07b5b1a9e0","38.94781166666667","https://dc.lft.to/lastmile_qr_scan","https://dc.lft.to/lastmile_qr_scan","0","0","-77.099574","a8cad134c945c455a82aab07b5b1a9e0","",""
"electric_bike","343b0d92328094e41a286377ec742b3e","38.906762666666665","https://dc.lft.to/lastmile_qr_scan","https://dc.lft.to/lastmile_qr_scan","0","0","-76.98104166666667","343b0d92328094e41a286377ec742b3e","",""
"electric_bike","d061963b62bd217a388a2700009247fa","38.900926","https://dc.lft.to/lastmile_qr_scan","https://dc.lft.to/lastmile_qr_scan","0","0","-77.01220866666667","d061963b62bd217a388a2700009247fa","",""
"electric_bike","716c63c774eb8105b0eae13bfcd51646","38.98710283333333","https://dc.lft.to/lastmile_qr_scan","https://dc.lft.to/lastmile_qr_scan","0","0","-77.04562083333333","716c63c774eb8105b0eae13bfcd51646","",""
"electric_bike","874d7fbddcb205eb1f2c46223ed0d58c","38.972037666666665","https://dc.lft.to/lastmile_qr_scan","https://dc.lft.to/lastmile_qr_scan","0","0","-77.06907216666667","874d7fbddcb205eb1f2c46223ed0d58c","",""
"electric_bike","7ad21baf8e4db4ad82914a48743c02c1","38.855407166666666","https://dc.lft.to/lastmile_qr_scan","https://dc.lft.to/lastmile_qr_scan","0","0","-77.082437","7ad21baf8e4db4ad82914a48743c02c1","",""
"electric_bike","98288ac0eb4aa107ef915e82a5178822","38.90054083333333","https://dc.lft.to/lastmile_qr_scan","https://dc.lft.to/lastmile_qr_scan","0","0","-77.05849166666667","98288ac0eb4aa107ef915e82a5178822","",""
"electric_bike","27c273cdf4e72843f5eed95d4b801291","38.84965166666667","https://dc.lft.to/lastmile_qr_scan","https://dc.lft.to/lastmile_qr_scan","0","0","-76.92631133333333","27c273cdf4e72843f5eed95d4b801291","",""
"electric_bike","6ee80f2a602a05dd44f546d98d457e7f","38.9878325","https://dc.lft.to/lastmile_qr_scan","https://dc.lft.to/lastmile_qr_scan","0","0","-77.076854","6ee80f2a602a05dd44f546d98d457e7f","",""
"electric_bike","4aafe4f578956479ceda0a7ef60b3b50","38.94107316666667","https://dc.lft.to/lastmile_qr_scan","https://dc.lft.to/lastmile_qr_scan","0","0","-77.000414","4aafe4f578956479ceda0a7ef60b3b50","",""
"electric_bike","08c97f5396844bcf9a70a982d521328d","38.93243983333333","https://dc.lft.to/lastmile_qr_scan","https://dc.lft.to/lastmile_qr_scan","0","0","-76.99640833333333","08c97f5396844bcf9a70a982d521328d","",""
"electric_bike","aa4b6bd48f98d4a5207837ef0df3d844","39.0360205","https://dc.lft.to/lastmile_qr_scan","https://dc.lft.to/lastmile_qr_scan","0","0","-77.03602216666667","aa4b6bd48f98d4a5207837ef0df3d844","",""
"electric_bike","ed8bd73346f277ec47567a523df91321","38.897700666666665","https://dc.lft.to/lastmile_qr_scan","https://dc.lft.to/lastmile_qr_scan","0","0","-76.88708066666666","ed8bd73346f277ec47567a523df91321","",""
"electric_bike","1cd596e44cb38563b990cba7d035cb07","38.946335","https://dc.lft.to/lastmile_qr_scan","https://dc.lft.to/lastmile_qr_scan","0","0","-77.09602366666667","1cd596e44cb38563b990cba7d035cb07","",""
"electric_bike","3fa38cb760c0ee149ffad82abcc11b03","38.9627585","https://dc.lft.to/lastmile_qr_scan","https://dc.lft.to/lastmile_qr_scan","0","0","-77.01081233333333","3fa38cb760c0ee149ffad82abcc11b03","",""
"electric_bike","e6dda78ed7dd174ae359d5d3e9c4d033","38.90606233333333","https://dc.lft.to/lastmile_qr_scan","https://dc.lft.to/lastmile_qr_scan","0","0","-77.02967283333334","e6dda78ed7dd174ae359d5d3e9c4d033","",""
"electric_bike","9a31d1734242aad1eb6bf6915c44e257","38.995182","https://dc.lft.to/lastmile_qr_scan","https://dc.lft.to/lastmile_qr_scan","0","0","-77.0015765","9a31d1734242aad1eb6bf6915c44e257","",""
"electric_bike","c0852e1d244c6925966ece9fd07e4e90","38.8755245","https://dc.lft.to/lastmile_qr_scan","https://dc.lft.to/lastmile_qr_scan","0","0","-77.19795516666667","c0852e1d244c6925966ece9fd07e4e90","",""
"electric_bike","e2c6cbf9e7a7431c0e3b6f6efe8c059d","38.9117045","https://dc.lft.to/lastmile_qr_scan","https://dc.lft.to/lastmile_qr_scan","0","0","-76.938449","e2c6cbf9e7a7431c0e3b6f6efe8c059d","",""
"electric_bike","796be3182a7f98ad909f3c7b228d28f7","38.93991066666667","https://dc.lft.to/lastmile_qr_scan","https://dc.lft.to/lastmile_qr_scan","0","0","-77.03650766666667","796be3182a7f98ad909f3c7b228d28f7","",""
"electric_bike","e0d6049befc95c1f42f98f2a97400524","38.89546","https://dc.lft.to/lastmile_qr_scan","https://dc.lft.to/lastmile_qr_scan","0","0","-77.06654883333333","e0d6049befc95c1f42f98f2a97400524","",""
"electric_bike","e08ee17c1a3c02c7df4c393340f64f71","38.851659833333336","https://dc.lft.to/lastmile_qr_scan","https://dc.lft.to/lastmile_qr_scan","0","0","-77.0501015","e08ee17c1a3c02c7df4c393340f64f71","",""
"electric_bike","87572fc791e25a023b18207aab966681","38.904797333333335","https://dc.lft.to/lastmile_qr_scan","https://dc.lft.to/lastmile_qr_scan","0","0","-77.02693733333334","87572fc791e25a023b18207aab966681","",""
"electric_bike","ada5e256f6729127d82a981f382aa44d","38.897674","https://dc.lft.to/lastmile_qr_scan","https://dc.lft.to/lastmile_qr_scan","0","0","-76.89922233333333","ada5e256f6729127d82a981f382aa44d","",""
"electric_bike","c9f6fe95aff55a55bb0075cb72da92d2","38.9034845","https://dc.lft.to/lastmile_qr_scan","https://dc.lft.to/lastmile_qr_scan","0","0","-76.9501035","c9f6fe95aff55a55bb0075cb72da92d2","",""
"electric_bike","b7d830341b9709d6fc7fd3d19168c19b","38.83888283333334","https://dc.lft.to/lastmile_qr_scan","https://dc.lft.to/lastmile_qr_scan","0","0","-76.94892883333333","b7d830341b9709d6fc7fd3d19168c19b","",""
"electric_bike","d1a0429541e8182b35acd20177af8d80","38.9983775","https://dc.lft.to/lastmile_qr_scan","https://dc.lft.to/lastmile_qr_scan","0","0","-77.04288366666667","d1a0429541e8182b35acd20177af8d80","",""
"electric_bike","ac32464875620dfd84cdb0dec3f1aa80","38.889869166666664","https://dc.lft.to/lastmile_qr_scan","https://dc.lft.to/lastmile_qr_scan","0","0","-76.95366066666666","ac32464875620dfd84cdb0dec3f1aa80","",""
"electric_bike","2aa53913b63e0de3fbd27304c0d9bec7","38.95463516666667","https://dc.lft.to/lastmile_qr_scan","https://dc.lft.to/lastmile_qr_scan","0","0","-77.0850795","2aa53913b63e0de3fbd27304c0d9bec7","",""
"electric_bike","4ec27ebfd4b8aa1ddbc45f16a33745a1","38.800114666666666","https://dc.lft.to/lastmile_qr_scan","https://dc.lft.to/lastmile_qr_scan","0","0","-77.04484016666666","4ec27ebfd4b8aa1ddbc45f16a33745a1","",""
"electric_bike","83d5a29ae9f7f634e05cf77900594441","38.94912516666667","https://dc.lft.to/lastmile_qr_scan","https://dc.lft.to/lastmile_qr_scan","0","0","-77.0087135","83d5a29ae9f7f634e05cf77900594441","",""
"electric_bike","4783f1a3c50894f07a9684453a989482","38.97147","https://dc.lft.to/lastmile_qr_scan","https://dc.lft.to/lastmile_qr_scan","0","0","-76.96072483333333","4783f1a3c50894f07a9684453a989482","",""
"electric_bike","a73f88358f96eba6d7476b40b6f1a93b","38.96441083333333","https://dc.lft.to/lastmile_qr_scan","https://dc.lft.to/lastmile_qr_scan","0","0","-77.0598385","a73f88358f96eba6d7476b40b6f1a93b","",""
"electric_bike","104a83ffb57617fc551073b5a1a9fabf","38.89857716666667","https://dc.lft.to/lastmile_qr_scan","https://dc.lft.to/lastmile_qr_scan","0","0","-76.95040533333334","104a83ffb57617fc551073b5a1a9fabf","",""
"electric_bike","5087fd6f81fc8259a45ffe6173c9fd28","38.92628116666667","https://dc.lft.to/lastmile_qr_scan","https://dc.lft.to/lastmile_qr_scan","0","0","-77.03924083333334","5087fd6f81fc8259a45ffe6173c9fd28","",""
"electric_bike","e5c2e63b2d1fb944833d7db6e3362f74","38.878462666666664","https://dc.lft.to/lastmile_qr_scan","https://dc.lft.to/lastmile_qr_scan","0","0","-77.030225","e5c2e63b2d1fb944833d7db6e3362f74","",""
"electric_bike","c6d4066e14bdabc2b626079e59601cd0","38.923205333333335","https://dc.lft.to/lastmile_qr_scan","https://dc.lft.to/lastmile_qr_scan","0","0","-76.98823833333333","c6d4066e14bdabc2b626079e59601cd0","",""
"electric_bike","4dc66788f8f9f208f4b867435c9ff82f","38.8929865","https://dc.lft.to/lastmile_qr_scan","https://dc.lft.to/lastmile_qr_scan","0","0","-76.9185255","4dc66788f8f9f208f4b867435c9ff82f","",""
"electric_bike","b4a123c57e36c3e27f292034a3025fb0","38.982076166666666","https://dc.lft.to/lastmile_qr_scan","https://dc.lft.to/lastmile_qr_scan","0","0","-77.09940733333333","b4a123c57e36c3e27f292034a3025fb0","",""
"electric_bike","850b9592f5084e4b28521815d6d3b4ac","38.89375866666666","https://dc.lft.to/lastmile_qr_scan","https://dc.lft.to/lastmile_qr_scan","0","0","-76.91371316666667","850b9592f5084e4b28521815d6d3b4ac","",""
"electric_bike","2e38ebdeb7ab4d22e89f274bd8b6fed0","38.875294833333335","https://dc.lft.to/lastmile_qr_scan","https://dc.lft.to/lastmile_qr_scan","0","0","-77.02666883333333","2e38ebdeb7ab4d22e89f274bd8b6fed0","",""
"electric_bike","87a37d0993f87abf6797414b276c6f5e","38.871127","https://dc.lft.to/lastmile_qr_scan","https://dc.lft.to/lastmile_qr_scan","0","0","-77.00755283333334","87a37d0993f87abf6797414b276c6f5e","",""
"electric_bike","80b850401c2cbd570f1006fe66a57b12","38.9678165","https://dc.lft.to/lastmile_qr_scan","https://dc.lft.to/lastmile_qr_scan","0","0","-77.01228483333334","80b850401c2cbd570f1006fe66a57b12","",""
"electric_bike","c8126aaf2076de2517f36ee8cb04f111","38.8975495","https://dc.lft.to/lastmile_qr_scan","https://dc.lft.to/lastmile_qr_scan","0","0","-76.93672666666667","c8126aaf2076de2517f36ee8cb04f111","",""
"electric_bike","e4c3b6996ebc7ec38f4eb59032501fad","38.8755445","https://dc.lft.to/lastmile_qr_scan","https://dc.lft.to/lastmile_qr_scan","0","0","-77.16028233333333","e4c3b6996ebc7ec38f4eb59032501fad","",""
"electric_bike","666db54a1b5e9aeb453ba21fa569ff3e","38.934935333333335","https://dc.lft.to/lastmile_qr_scan","https://dc.lft.to/lastmile_qr_scan","0","0","-76.99139466666666","666db54a1b5e9aeb453ba21fa569ff3e","",""
"electric_bike","830c70dd4c2f0a4e5dca0ca879338175","38.94661216666667","https://dc.lft.to/lastmile_qr_scan","https://dc.lft.to/lastmile_qr_scan","0","0","-76.95668333333333","830c70dd4c2f0a4e5dca0ca879338175","",""
"electric_bike","d33a3b6d9fff08a96c43f3447563d4b7","38.849799833333336","https://dc.lft.to/lastmile_qr_scan","https://dc.lft.to/lastmile_qr_scan","0","0","-76.97425166666666","d33a3b6d9fff08a96c43f3447563d4b7","",""
"electric_bike","fbd2eb08e2b8e0a9148cff9f590b387b","38.938554","https://dc.lft.to/lastmile_qr_scan","https://dc.lft.to/lastmile_qr_scan","0","0","-76.94795133333334","fbd2eb08e2b8e0a9148cff9f590b387b","",""
"electric_bike","57da2a5e5584424493f1e7f7db307bda","38.883326833333335","https://dc.lft.to/lastmile_qr_scan","https://dc.lft.to/lastmile_qr_scan","0","0","-76.93136166666666","57da2a5e5584424493f1e7f7db307bda","",""
"electric_bike","377046c98430f9f8f756750f05677303","38.908476","https://dc.lft.to/lastmile_qr_scan","https://dc.lft.to/lastmile_qr_scan","0","0","-76.99798283333334","377046c98430f9f8f756750f05677303","",""
"electric_bike","aae84eadc47c3c5f223b6f2c94d68de1","38.89829683333333","https://dc.lft.to/lastmile_qr_scan","https://dc.lft.to/lastmile_qr_scan","0","0","-77.0706095","aae84eadc47c3c5f223b6f2c94d68de1","",""
"electric_bike","c12390a5b1d95f3f9763c519974818e9","38.916977333333335","https://dc.lft.to/lastmile_qr_scan","https://dc.lft.to/lastmile_qr_scan","0","0","-77.1390775","c12390a5b1d95f3f9763c519974818e9","",""
"electric_bike","9afc4a28f0f947db6a6d47cd22614db1","38.86239316666666","https://dc.lft.to/lastmile_qr_scan","https://dc.lft.to/lastmile_qr_scan","0","0","-77.1169675","9afc4a28f0f947db6a6d47cd22614db1","",""
"electric_bike","6c9bf43badd0073c855973fa5934ef6e","38.906918","https://dc.lft.to/lastmile_qr_scan","https://dc.lft.to/lastmile_qr_scan","0","0","-77.0488365","6c9bf43badd0073c855973fa5934ef6e","",""
"electric_bike","617970418a6d2252657591e6fd1731c3","38.913693","https://dc.lft.to/lastmile_qr_scan","https://dc.lft.to/lastmile_qr_scan","0","0","-76.97127516666667","617970418a6d2252657591e6fd1731c3","",""
"electric_bike","410f43fdb8c4904e90461d9fbfe30d3f","38.94956916666667","https://dc.lft.to/lastmile_qr_scan","https://dc.lft.to/lastmile_qr_scan","0","0","-77.06677016666667","410f43fdb8c4904e90461d9fbfe30d3f","",""
"electric_bike","786e1851a1d6cd6ede872da9c1b64388","38.851992833333334","https://dc.lft.to/lastmile_qr_scan","https://dc.lft.to/lastmile_qr_scan","0","0","-76.9856495","786e1851a1d6cd6ede872da9c1b64388","",""
"electric_bike","27934d1b99d2bcb6f75daab4f26e4fee","38.91994183333333","https://dc.lft.to/lastmile_qr_scan","https://dc.lft.to/lastmile_qr_scan","0","0","-76.99749166666666","27934d1b99d2bcb6f75daab4f26e4fee","",""
"electric_bike","9064bc0bc272e8b11e0722449566faec","38.846046","https://dc.lft.to/lastmile_qr_scan","https://dc.lft.to/lastmile_qr_scan","0","0","-76.9743185","9064bc0bc272e8b11e0722449566faec","",""
"electric_bike","f88656f462722827ca5cf1aa5d777576","38.94687666666667","https://dc.lft.to/lastmile_qr_scan","https://dc.lft.to/lastmile_qr_scan","0","0","-76.99905583333333","f88656f462722827ca5cf1aa5d777576","",""
"electric_bike","3b0aba473d5163ea9315e6ca1e35e82b","38.94828716666667","https://dc.lft.to/lastmile_qr_scan","https://dc.lft.to/lastmile_qr_scan","0","0","-76.97223383333333","3b0aba473d5163ea9315e6ca1e35e82b","",""
"electric_bike","a9d2b8d1ac183d41a9a6abc586a1185e","38.95208983333333","https://dc.lft.to/lastmile_qr_scan","https://dc.lft.to/lastmile_qr_scan","0","0","-77.021678","a9d2b8d1ac183d41a9a6abc586a1185e","",""
"electric_bike","0ec0f851b39483b3457efd57fb0a76a6","38.94978166666667","https://dc.lft.to/lastmile_qr_scan","https://dc.lft.to/lastmile_qr_scan","0","0","-77.0803005","0ec0f851b39483b3457efd57fb0a76a6","",""
"electric_bike","244d67d8b48107991501bf98d7239b5d","38.938887333333334","https://dc.lft.to/lastmile_qr_scan","https://dc.lft.to/lastmile_qr_scan","0","0","-76.96350083333333","244d67d8b48107991501bf98d7239b5d","",""
"electric_bike","b5bbfbfea4b1bfbf94be5cd0a1af4520","38.99568766666667","https://dc.lft.to/lastmile_qr_scan","https://dc.lft.to/lastmile_qr_scan","0","0","-77.03870266666667","b5bbfbfea4b1bfbf94be5cd0a1af4520","",""
"electric_bike","001a42f73ced84ead73a6b7d48500c89","38.90846366666667","https://dc.lft.to/lastmile_qr_scan","https://dc.lft.to/lastmile_qr_scan","0","0","-77.06355233333333","001a42f73ced84ead73a6b7d48500c89","",""
"electric_bike","fa6efbab90a2d00f16be8000d02b52b2","38.955288","https://dc.lft.to/lastmile_qr_scan","https://dc.lft.to/lastmile_qr_scan","0","0","-76.9679435","fa6efbab90a2d00f16be8000d02b52b2","",""
"electric_bike","1c45cfc66aa46b9047ac73fa88f65981","38.927511833333334","https://dc.lft.to/lastmile_qr_scan","https://dc.lft.to/lastmile_qr_scan","0","0","-76.99345016666666","1c45cfc66aa46b9047ac73fa88f65981","",""
"electric_bike","fb3041ae31f4de41c2943be113ca5225","38.856499666666664","https://dc.lft.to/lastmile_qr_scan","https://dc.lft.to/lastmile_qr_scan","0","0","-76.9897235","fb3041ae31f4de41c2943be113ca5225","",""
"electric_bike","0bd49d5ba9dceb4e777c4550b8a7cdbf","38.90869633333333","https://dc.lft.to/lastmile_qr_scan","https://dc.lft.to/lastmile_qr_scan","0","0","-77.08031083333333","0bd49d5ba9dceb4e777c4550b8a7cdbf","",""
"electric_bike","33c112a117494e331b5f1b9900bae4c5","38.87486616666666","https://dc.lft.to/lastmile_qr_scan","https://dc.lft.to/lastmile_qr_scan","0","0","-76.9656035","33c112a117494e331b5f1b9900bae4c5","",""
"electric_bike","3607aa8ccc946b25f944b60ef0365309","38.999526","https://dc.lft.to/lastmile_qr_scan","https://dc.lft.to/lastmile_qr_scan","0","0","-77.00660116666667","3607aa8ccc946b25f944b60ef0365309","",""
"electric_bike","c87102623fd57a3ac4333d29a661ed7a","38.92048783333333","https://dc.lft.to/lastmile_qr_scan","https://dc.lft.to/lastmile_qr_scan","0","0","-76.97923883333333","c87102623fd57a3ac4333d29a661ed7a","",""
"electric_bike","92c1bbcf407ec42cdb2b51707f91de9a","38.93612266666667","https://dc.lft.to/lastmile_qr_scan","https://dc.lft.to/lastmile_qr_scan","0","0","-76.960026","92c1bbcf407ec42cdb2b51707f91de9a","",""
"electric_bike","8253fbfe5fa712311aa6caf69799f524","38.942843833333335","https://dc.lft.to/lastmile_qr_scan","https://dc.lft.to/lastmile_qr_scan","0","0","-77.004492","8253fbfe5fa712311aa6caf69799f524","",""
"electric_bike","a3b8fc7a35027c9dcee0f25731f69af3","38.97787833333334","https://dc.lft.to/lastmile_qr_scan","https://dc.lft.to/lastmile_qr_scan","0","0","-77.06363666666667","a3b8fc7a35027c9dcee0f25731f69af3","",""
"electric_bike","e6a47b736d33c6edce153cf90d6dd5f6","38.908694","https://dc.lft.to/lastmile_qr_scan","https://dc.lft.to/lastmile_qr_scan","0","0","-77.07532016666667","e6a47b736d33c6edce153cf90d6dd5f6","",""
"electric_bike","699d6348b1acd5303dc73dac40530712","38.923047333333336","https://dc.lft.to/lastmile_qr_scan","https://dc.lft.to/lastmile_qr_scan","0","0","-76.99360833333333","699d6348b1acd5303dc73dac40530712","",""
"electric_bike","78b0c1b3d0da9a3fc8c6d2ca4dd9700f","38.871951","https://dc.lft.to/lastmile_qr_scan","https://dc.lft.to/lastmile_qr_scan","0","0","-77.0122365","78b0c1b3d0da9a3fc8c6d2ca4dd9700f","",""
"electric_bike","a674475153c8de600b86d8753a30be57","38.964167833333335","https://dc.lft.to/lastmile_qr_scan","https://dc.lft.to/lastmile_qr_scan","0","0","-77.02781683333333","a674475153c8de600b86d8753a30be57","",""
"electric_bike","a53a224d0cec2afe5918989ac395c67c","38.98075516666667","https://dc.lft.to/lastmile_qr_scan","https://dc.lft.to/lastmile_qr_scan","0","0","-77.09790316666667","a53a224d0cec2afe5918989ac395c67c","",""
"electric_bike","04d5c78abac234a49d894dd25474346a","38.931236","https://dc.lft.to/lastmile_qr_scan","https://dc.lft.to/lastmile_qr_scan","0","0","-76.96288733333333","04d5c78abac234a49d894dd25474346a","",""
"electric_bike","d3192286d4ea02827c14140796b2f46b","38.9169905","https://dc.lft.to/lastmile_qr_scan","https://dc.lft.to/lastmile_qr_scan","0","0","-77.1390775","d3192286d4ea02827c14140796b2f46b","",""
"electric_bike","2c1efef03d7b7ba60792bc9eb5908e6d","38.9030145","https://dc.lft.to/lastmile_qr_scan","https://dc.lft.to/lastmile_qr_scan","0","0","-76.98550266666666","2c1efef03d7b7ba60792bc9eb5908e6d","",""
"electric_bike","1c3448350d607ae2b9b889500809eb7d","38.95114866666667","https://dc.lft.to/lastmile_qr_scan","https://dc.lft.to/lastmile_qr_scan","0","0","-76.967469","1c3448350d607ae2b9b889500809eb7d","",""
"electric_bike","dd863c8716a240b4db3ec3fe547f8746","38.902353","https://dc.lft.to/lastmile_qr_scan","https://dc.lft.to/lastmile_qr_scan","0","0","-77.14094833333333","dd863c8716a240b4db3ec3fe547f8746","",""
"electric_bike","cf668488e4ee85b6161d56aef3a44088","38.905298","https://dc.lft.to/lastmile_qr_scan","https://dc.lft.to/lastmile_qr_scan","0","0","-76.95159933333333","cf668488e4ee85b6161d56aef3a44088","",""
"electric_bike","b7cc97366df7e0bba5586bec52aff1b9","38.926355","https://dc.lft.to/lastmile_qr_scan","https://dc.lft.to/lastmile_qr_scan","0","0","-77.1026875","b7cc97366df7e0bba5586bec52aff1b9","",""
"electric_bike","3d531f0fe5f2af7b3d10affdb6274faa","38.92047133333333","https://dc.lft.to/lastmile_qr_scan","https://dc.lft.to/lastmile_qr_scan","0","0","-76.97967883333334","3d531f0fe5f2af7b3d10affdb6274faa","",""
"electric_bike","98a48122f130c788b169f6c5bcd511df","38.89492966666667","https://dc.lft.to/lastmile_qr_scan","https://dc.lft.to/lastmile_qr_scan","0","0","-76.92512483333333","98a48122f130c788b169f6c5bcd511df","",""
"electric_bike","a7fd89c804975d27058a0e98f8e7c590","38.94472783333333","https://dc.lft.to/lastmile_qr_scan","https://dc.lft.to/lastmile_qr_scan","0","0","-77.01882833333333","a7fd89c804975d27058a0e98f8e7c590","",""
"electric_bike","cb952c61fe76a8c61fdb8cf7ab7eb3ac","38.94103116666667","https://dc.lft.to/lastmile_qr_scan","https://dc.lft.to/lastmile_qr_scan","0","0","-77.00040666666666","cb952c61fe76a8c61fdb8cf7ab7eb3ac","",""
"electric_bike","e6b8f903c8bf6291cccffe0457701ccc","38.938578166666666","https://dc.lft.to/lastmile_qr_scan","https://dc.lft.to/lastmile_qr_scan","0","0","-77.02505016666667","e6b8f903c8bf6291cccffe0457701ccc","",""
"electric_bike","1d943d9f139cf60dfa9d499193d925ce","38.95808183333333","https://dc.lft.to/lastmile_qr_scan","https://dc.lft.to/lastmile_qr_scan","0","0","-77.02614616666666","1d943d9f139cf60dfa9d499193d925ce","",""
"electric_bike","e413a53616a8acd7016eeba8146e511e","39.03883366666667","https://dc.lft.to/lastmile_qr_scan","https://dc.lft.to/lastmile_qr_scan","0","0","-77.07935616666667","e413a53616a8acd7016eeba8146e511e","",""
"electric_bike","6498299a57f5f1c6af5b66d853ef4548","38.899485","https://dc.lft.to/lastmile_qr_scan","https://dc.lft.to/lastmile_qr_scan","0","0","-76.97318533333333","6498299a57f5f1c6af5b66d853ef4548","",""
"electric_bike","3d8dceca25d0e401c6fce8fc0a37f9e8","38.9808435","https://dc.lft.to/lastmile_qr_scan","https://dc.lft.to/lastmile_qr_scan","0","0","-77.09795383333334","3d8dceca25d0e401c6fce8fc0a37f9e8","",""
"electric_bike","776f6980ecce83e4df10167f6279ee28","38.842906166666666","https://dc.lft.to/lastmile_qr_scan","https://dc.lft.to/lastmile_qr_scan","0","0","-77.07559216666667","776f6980ecce83e4df10167f6279ee28","",""
"electric_bike","5af2241f32de91dfb0415b03b2d5c16d","39.011589666666666","https://dc.lft.to/lastmile_qr_scan","https://dc.lft.to/lastmile_qr_scan","0","0","-77.00364966666666","5af2241f32de91dfb0415b03b2d5c16d","",""
"electric_bike","123e4cdc3d8857db748ceb288c7640b8","38.936472","https://dc.lft.to/lastmile_qr_scan","https://dc.lft.to/lastmile_qr_scan","0","0","-77.02482983333333","123e4cdc3d8857db748ceb288c7640b8","",""
"electric_bike","3be8cb8fef020376d0e97f9036f1e12f","38.97557333333334","https://dc.lft.to/lastmile_qr_scan","https://dc.lft.to/lastmile_qr_scan","0","0","-76.95222316666667","3be8cb8fef020376d0e97f9036f1e12f","",""
"electric_bike","c456125d8d60d74ddc67112862579877","38.822871166666665","https://dc.lft.to/lastmile_qr_scan","https://dc.lft.to/lastmile_qr_scan","0","0","-77.00815483333334","c456125d8d60d74ddc67112862579877","",""
"electric_bike","425c2ab609ad6eae6288c2ddcf1014c0","38.9366985","https://dc.lft.to/lastmile_qr_scan","https://dc.lft.to/lastmile_qr_scan","0","0","-77.108016","425c2ab609ad6eae6288c2ddcf1014c0","",""
"electric_bike","89a3075c66ee701add72b9b1377c8d4d","38.822156","https://dc.lft.to/lastmile_qr_scan","https://dc.lft.to/lastmile_qr_scan","0","0","-76.986675","89a3075c66ee701add72b9b1377c8d4d","",""
"electric_bike","e413e65cbfe1338c8e4900539d221f7d","38.915600166666664","https://dc.lft.to/lastmile_qr_scan","https://dc.lft.to/lastmile_qr_scan","0","0","-77.20029483333333","e413e65cbfe1338c8e4900539d221f7d","",""
"electric_bike","32dc0ed1c1d4d6e4d63aea0661660b76","38.83696066666667","https://dc.lft.to/lastmile_qr_scan","https://dc.lft.to/lastmile_qr_scan","0","0","-76.99885516666667","32dc0ed1c1d4d6e4d63aea0661660b76","",""
"electric_bike","d7efe2d2d06480244540170afba149ab","38.96357183333333","https://dc.lft.to/lastmile_qr_scan","https://dc.lft.to/lastmile_qr_scan","0","0","-77.01132416666667","d7efe2d2d06480244540170afba149ab","",""
"electric_bike","cb222061190f52cde3361bc668008b93","39.02588","https://dc.lft.to/lastmile_qr_scan","https://dc.lft.to/lastmile_qr_scan","0","0","-77.10389166666667","cb222061190f52cde3361bc668008b93","",""
"electric_bike","d7a808349c25f92292345c189fca9d38","38.981685","https://dc.lft.to/lastmile_qr_scan","https://dc.lft.to/lastmile_qr_scan","0","0","-76.96993716666667","d7a808349c25f92292345c189fca9d38","",""
"electric_bike","11114ef657c702012df2e3b49c2ea0ea","38.88472483333334","https://dc.lft.to/lastmile_qr_scan","https://dc.lft.to/lastmile_qr_scan","0","0","-77.1121215","11114ef657c702012df2e3b49c2ea0ea","",""
"electric_bike","7e8ac86787ae68197d4413ed29ef9215","38.8968105","https://dc.lft.to/lastmile_qr_scan","https://dc.lft.to/lastmile_qr_scan","0","0","-76.94249933333333","7e8ac86787ae68197d4413ed29ef9215","",""
"electric_bike","e16c1e118e2f8f416f4364a6c113b209","38.832414166666666","https://dc.lft.to/lastmile_qr_scan","https://dc.lft.to/lastmile_qr_scan","0","0","-77.05018583333333","e16c1e118e2f8f416f4364a6c113b209","",""
"electric_bike","4a026b5563497fc0383c2d80fcfe4b59","38.9586005","https://dc.lft.to/lastmile_qr_scan","https://dc.lft.to/lastmile_qr_scan","0","0","-77.01623933333333","4a026b5563497fc0383c2d80fcfe4b59","",""
"electric_bike","f40588e78f0117125a40f88a6a9fd23b","38.9136185","https://dc.lft.to/lastmile_qr_scan","https://dc.lft.to/lastmile_qr_scan","0","0","-77.06943466666667","f40588e78f0117125a40f88a6a9fd23b","",""
"electric_bike","c7a0800ed0041761f595a2a4f54a8b75","38.89939366666667","https://dc.lft.to/lastmile_qr_scan","https://dc.lft.to/lastmile_qr_scan","0","0","-77.03675716666666","c7a0800ed0041761f595a2a4f54a8b75","",""
"electric_bike","51c5d05585e6b6115d5989940222724f","38.90744733333333","https://dc.lft.to/lastmile_qr_scan","https://dc.lft.to/lastmile_qr_scan","0","0","-77.00131083333333","51c5d05585e6b6115d5989940222724f","",""
"electric_bike","2659dd1ca5a638e3a2e2315526ad06bf","39.02942216666667","https://dc.lft.to/lastmile_qr_scan","https://dc.lft.to/lastmile_qr_scan","0","0","-77.049368","2659dd1ca5a638e3a2e2315526ad06bf","",""
"electric_bike","6ed300eb60d9ef3b0c1c1c31153987e9","38.90530233333333","https://dc.lft.to/lastmile_qr_scan","https://dc.lft.to/lastmile_qr_scan","0","0","-77.07024383333334","6ed300eb60d9ef3b0c1c1c31153987e9","",""
"electric_bike","64fddab1a3ae3f6442b6ef9ab86f1061","38.989301","https://dc.lft.to/lastmile_qr_scan","https://dc.lft.to/lastmile_qr_scan","0","0","-76.978979","64fddab1a3ae3f6442b6ef9ab86f1061","",""
"electric_bike","7c6d3fa9c512d6d8223d6f1cd71e6c51","38.979844666666665","https://dc.lft.to/lastmile_qr_scan","https://dc.lft.to/lastmile_qr_scan","0","0","-77.09342683333334","7c6d3fa9c512d6d8223d6f1cd71e6c51","",""
"electric_bike","353fbc96b0d30c1e0fee32e515cba632","38.98259816666667","https://dc.lft.to/lastmile_qr_scan","https://dc.lft.to/lastmile_qr_scan","0","0","-76.96979783333333","353fbc96b0d30c1e0fee32e515cba632","",""
"electric_bike","36620e43721557f700fdbc3cd114eb1d","38.92175833333334","https://dc.lft.to/lastmile_qr_scan","https://dc.lft.to/lastmile_qr_scan","0","0","-76.96905266666667","36620e43721557f700fdbc3cd114eb1d","",""
"electric_bike","8df6115cc18a1821e96f84cd07985f20","38.925614333333336","https://dc.lft.to/lastmile_qr_scan","https://dc.lft.to/lastmile_qr_scan","0","0","-76.98290066666667","8df6115cc18a1821e96f84cd07985f20","",""
"electric_bike","c9eb67d90278970385503bd6aa4a0ec1","39.02447383333333","https://dc.lft.to/lastmile_qr_scan","https://dc.lft.to/lastmile_qr_scan","0","0","-77.0612585","c9eb67d90278970385503bd6aa4a0ec1","",""
"electric_bike","022002162c48cb8febc88cae9f70ea22","38.88471633333333","https://dc.lft.to/lastmile_qr_scan","https://dc.lft.to/lastmile_qr_scan","0","0","-76.91299616666667","022002162c48cb8febc88cae9f70ea22","",""
"electric_bike","f2486e14ff66f15108e422b52f7c7535","38.91109816666667","https://dc.lft.to/lastmile_qr_scan","https://dc.lft.to/lastmile_qr_scan","0","0","-77.0265815","f2486e14ff66f15108e422b52f7c7535","",""
"electric_bike","e1a16e9410ea5eebf87f10d790cee119","38.98921166666667","https://dc.lft.to/lastmile_qr_scan","https://dc.lft.to/lastmile_qr_scan","0","0","-77.10061966666666","e1a16e9410ea5eebf87f10d790cee119","",""
"electric_bike","b8cf5a7f075b88e1181cd80df04cd05e","38.93119133333333","https://dc.lft.to/lastmile_qr_scan","https://dc.lft.to/lastmile_qr_scan","0","0","-76.96285","b8cf5a7f075b88e1181cd80df04cd05e","",""
"electric_bike","1f7ef575a73eedd74cba0d96fc5b8a2a","38.964974166666664","https://dc.lft.to/lastmile_qr_scan","https://dc.lft.to/lastmile_qr_scan","0","0","-77.10334633333333","1f7ef575a73eedd74cba0d96fc5b8a2a","",""
"electric_bike","f38b687b8b90a66f15aeed867e06c76e","38.8668785","https://dc.lft.to/lastmile_qr_scan","https://dc.lft.to/lastmile_qr_scan","0","0","-77.22606833333333","f38b687b8b90a66f15aeed867e06c76e","",""
"electric_bike","19f80fb3540deebe4a6c91330b12f9d3","38.977374166666664","https://dc.lft.to/lastmile_qr_scan","https://dc.lft.to/lastmile_qr_scan","0","0","-77.01733466666667","19f80fb3540deebe4a6c91330b12f9d3","",""
"electric_bike","3a541973f9fb9ff794b5daffddea483b","38.88947","https://dc.lft.to/lastmile_qr_scan","https://dc.lft.to/lastmile_qr_scan","0","0","-77.1032045","3a541973f9fb9ff794b5daffddea483b","",""
